id,name,model_id:id,group_id:id,perm_read,perm_write,perm_create,perm_unlink
access_hotel_housekeeping_all,access_hotel_housekeeping_all,model_hotel_housekeeping,,1,0,0,0
access_hotel_housekeeping_reservation_admin,access_hotel_housekeeping_reservation_admin,model_hotel_housekeeping,hotel_reservation.hotel_reservation_admin_group,1,1,1,1
access_hotel_housekeeping_admin,access_hotel_housekeeping_admin,model_hotel_housekeeping,hotel_housekeeping.hotel_housekeeping_admin_group,1,1,1,1
access_hotel_housekeeping_activities,hotel_housekeeping_activities,model_hotel_housekeeping_activities,base.group_user,1,1,1,1
access_activities,access_activities,model_activities,,1,1,1,1
access_activity_category,access_activity_category,model_activity_category,,1,1,1,1
access_housekeeping_report_wizard,access_housekeeping_wizard,model_housekeeping_report_wizard,,1,1,1,1
access_hotel_housekeeping_line,access_hotel_housekeeping_line,model_hotel_housekeeping_line,,1,1,1,1





