<?xml version="1.0" encoding="utf-8"?>
<odoo>

    <record model="ir.module.category" id="hotel_housekeeping_categ">
        <field name="name">Housekeeping</field>
    </record>

    <record id="hotel_housekeeping_admin_group" model="res.groups">
        <field name="name">Hotel Housekeeping Admin</field>
        <field name="category_id" ref="hotel_housekeeping.hotel_housekeeping_categ"/>
    </record>

    <record id="hotel_housekeeping_employees_group" model="res.groups">
        <field name="name">Hotel Housekeeping Employees</field>
        <field name="category_id" ref="hotel_housekeeping.hotel_housekeeping_categ"/>
    </record>

    <record model="ir.module.category" id="module_category_hotel">
        <field name="name">Hotel</field>
        <field name="description">Helps you manage users.</field>
        <field name="sequence">45</field>
    </record>

    <record id="group_hotel" model="res.groups">
        <field name="name">Hotel Details</field>
        <field name="category_id" ref="module_category_hotel"/>
    </record>

    <record id="hotel_housekeeping_rule" model="ir.rule">
        <field name="name">Hotel Housekeeping</field>
        <field name="model_id" ref="model_hotel_housekeeping"/>
        <field name="domain_force">['|',('company_id', '=',False),('company_id', 'in', company_ids)]</field>
    </record>

    <record id="hotel_housekeeping_employee_rule" model="ir.rule">
        <field name="name">Hotel Housekeeping Employee</field>
        <field name="model_id" ref="model_hotel_housekeeping"/>
        <field name="domain_force">[('assign_to', '=', user.id)]</field>
        <field name="groups" eval="[(4, ref('hotel_housekeeping.hotel_housekeeping_employees_group'))]"/>
    </record>

</odoo>