<?xml version="1.0" encoding="utf-8"?>
<odoo>
    <data>
        <record id="hotel_reservation.hotel_room_type_single" model="product.category">
            <field name="service_ids"
                   eval="[(6, 0, [ref('product_hotel_service_car_rental'),ref('product_hotel_service_flower_arrangement'),ref('product_hotel_service_doctor_on_call'),ref('product_hotel_service_extra_bed'),ref('product_hotel_service_shoeshine'),ref('product_hotel_service_24_hour_room_service'),ref('product_hotel_service_courier'),ref('product_hotel_service_luggage_storage')])]"/>
            <field name="amenity_ids"
                   eval="[(6,0,[ref('hotel_amenity_toiletries'),ref('hotel_amenity_personal_care'),ref('hotel_amenity_coffee_kit'),ref('hotel_amenity_tissue_box'),ref('hotel_amenity_bathrobes_and_slippers'),ref('hotel_amenity_free_wifi_internet_access'),ref('hotel_amenity_gym'),ref('product_hotel_amenity_conference_room'),ref('product_hotel_amenity_swimming_pool')])]"/>
        </record>
        <record id="hotel_reservation.hotel_room_type_single_breakfast" model="product.category">
            <field name="service_ids"
                   eval="[(6, 0, [ref('product_hotel_service_car_rental'),ref('product_hotel_service_flower_arrangement'),ref('product_hotel_service_doctor_on_call'),ref('product_hotel_service_extra_bed'),ref('product_hotel_service_shoeshine'),ref('product_hotel_service_24_hour_room_service'),ref('product_hotel_service_courier'),ref('product_hotel_service_luggage_storage')])]"/>
            <field name="amenity_ids"
                   eval="[(6,0,[ref('hotel_amenity_toiletries'),ref('hotel_amenity_personal_care'),ref('hotel_amenity_free_breakfast'),ref('hotel_amenity_coffee_kit'),ref('hotel_amenity_tissue_box'),ref('hotel_amenity_bathrobes_and_slippers'),ref('hotel_amenity_free_wifi_internet_access'),ref('hotel_amenity_gym'),ref('product_hotel_amenity_conference_room'),ref('product_hotel_amenity_swimming_pool')])]"/>
        </record>
        <record id="hotel_reservation.hotel_room_type_double" model="product.category">
            <field name="service_ids"
                   eval="[(6, 0, [ref('product_hotel_service_car_rental'),ref('product_hotel_service_flower_arrangement'),ref('product_hotel_service_doctor_on_call'),ref('product_hotel_service_extra_bed'),ref('product_hotel_service_shoeshine'),ref('product_hotel_service_24_hour_room_service'),ref('product_hotel_service_courier'),ref('product_hotel_service_luggage_storage')])]"/>
            <field name="amenity_ids"
                   eval="[(6,0,[ref('hotel_amenity_toiletries'),ref('hotel_amenity_personal_care'),ref('hotel_amenity_coffee_kit'),ref('hotel_amenity_tissue_box'),ref('hotel_amenity_bathrobes_and_slippers'),ref('hotel_amenity_free_wifi_internet_access'),ref('hotel_amenity_gym'),ref('product_hotel_amenity_conference_room'),ref('product_hotel_amenity_swimming_pool')])]"/>
        </record>
        <record id="hotel_reservation.hotel_room_type_double_breakfast" model="product.category">
            <field name="service_ids"
                   eval="[(6, 0, [ref('product_hotel_service_car_rental'),ref('product_hotel_service_flower_arrangement'),ref('product_hotel_service_doctor_on_call'),ref('product_hotel_service_extra_bed'),ref('product_hotel_service_shoeshine'),ref('product_hotel_service_24_hour_room_service'),ref('product_hotel_service_courier'),ref('product_hotel_service_luggage_storage')])]"/>
            <field name="amenity_ids"
                   eval="[(6,0,[ref('hotel_amenity_toiletries'),ref('hotel_amenity_personal_care'),ref('hotel_amenity_free_breakfast'),ref('hotel_amenity_coffee_kit'),ref('hotel_amenity_tissue_box'),ref('hotel_amenity_bathrobes_and_slippers'),ref('hotel_amenity_free_wifi_internet_access'),ref('hotel_amenity_gym'),ref('product_hotel_amenity_conference_room'),ref('product_hotel_amenity_swimming_pool')])]"/>
        </record>
        <record id="hotel_reservation.hotel_room_type_triple" model="product.category">
            <field name="service_ids"
                   eval="[(6, 0, [ref('product_hotel_service_car_rental'),ref('product_hotel_service_flower_arrangement'),ref('product_hotel_service_doctor_on_call'),ref('product_hotel_service_extra_bed'),ref('product_hotel_service_shoeshine'),ref('product_hotel_service_24_hour_room_service'),ref('product_hotel_service_courier'),ref('product_hotel_service_luggage_storage')])]"/>
            <field name="amenity_ids"
                   eval="[(6,0,[ref('hotel_amenity_toiletries'),ref('hotel_amenity_personal_care'),ref('hotel_amenity_coffee_kit'),ref('hotel_amenity_tissue_box'),ref('hotel_amenity_bathrobes_and_slippers'),ref('hotel_amenity_free_wifi_internet_access'),ref('hotel_amenity_gym'),ref('product_hotel_amenity_conference_room'),ref('product_hotel_amenity_swimming_pool')])]"/>
        </record>
        <record id="hotel_reservation.hotel_room_type_triple_breakfast" model="product.category">
            <field name="service_ids"
                   eval="[(6, 0, [ref('product_hotel_service_car_rental'),ref('product_hotel_service_flower_arrangement'),ref('product_hotel_service_doctor_on_call'),ref('product_hotel_service_extra_bed'),ref('product_hotel_service_shoeshine'),ref('product_hotel_service_24_hour_room_service'),ref('product_hotel_service_courier'),ref('product_hotel_service_luggage_storage')])]"/>
            <field name="amenity_ids"
                   eval="[(6,0,[ref('hotel_amenity_toiletries'),ref('hotel_amenity_personal_care'),ref('hotel_amenity_free_breakfast'),ref('hotel_amenity_coffee_kit'),ref('hotel_amenity_tissue_box'),ref('hotel_amenity_bathrobes_and_slippers'),ref('hotel_amenity_free_wifi_internet_access'),ref('hotel_amenity_gym'),ref('product_hotel_amenity_conference_room'),ref('product_hotel_amenity_swimming_pool')])]"/>
        </record>
        <record id="hotel_reservation.hotel_room_type_quad" model="product.category">
            <field name="service_ids"
                   eval="[(6, 0, [ref('product_hotel_service_car_rental'),ref('product_hotel_service_flower_arrangement'),ref('product_hotel_service_doctor_on_call'),ref('product_hotel_service_extra_bed'),ref('product_hotel_service_shoeshine'),ref('product_hotel_service_24_hour_room_service'),ref('product_hotel_service_courier'),ref('product_hotel_service_luggage_storage')])]"/>
            <field name="amenity_ids"
                   eval="[(6,0,[ref('hotel_amenity_toiletries'),ref('hotel_amenity_personal_care'),ref('hotel_amenity_coffee_kit'),ref('hotel_amenity_tissue_box'),ref('hotel_amenity_bathrobes_and_slippers'),ref('hotel_amenity_free_wifi_internet_access'),ref('hotel_amenity_gym'),ref('product_hotel_amenity_conference_room'),ref('product_hotel_amenity_swimming_pool')])]"/>
        </record>
        <record id="hotel_reservation.hotel_room_type_quad_breakfast" model="product.category">
            <field name="service_ids"
                   eval="[(6, 0, [ref('product_hotel_service_car_rental'),ref('product_hotel_service_flower_arrangement'),ref('product_hotel_service_doctor_on_call'),ref('product_hotel_service_extra_bed'),ref('product_hotel_service_shoeshine'),ref('product_hotel_service_24_hour_room_service'),ref('product_hotel_service_courier'),ref('product_hotel_service_luggage_storage')])]"/>
            <field name="amenity_ids"
                   eval="[(6,0,[ref('hotel_amenity_toiletries'),ref('hotel_amenity_personal_care'),ref('hotel_amenity_free_breakfast'),ref('hotel_amenity_coffee_kit'),ref('hotel_amenity_tissue_box'),ref('hotel_amenity_bathrobes_and_slippers'),ref('hotel_amenity_free_wifi_internet_access'),ref('hotel_amenity_gym'),ref('product_hotel_amenity_conference_room'),ref('product_hotel_amenity_swimming_pool')])]"/>
        </record>
        <record id="hotel_reservation.hotel_room_type_queen" model="product.category">
            <field name="service_ids"
                   eval="[(6, 0, [ref('product_hotel_service_car_rental'),ref('product_hotel_service_flower_arrangement'),ref('product_hotel_service_doctor_on_call'),ref('product_hotel_service_extra_bed'),ref('product_hotel_service_shoeshine'),ref('product_hotel_service_24_hour_room_service'),ref('product_hotel_service_courier'),ref('product_hotel_service_luggage_storage')])]"/>
            <field name="amenity_ids"
                   eval="[(6,0,[ref('hotel_amenity_toiletries'),ref('hotel_amenity_personal_care'),ref('hotel_amenity_coffee_kit'),ref('hotel_amenity_tissue_box'),ref('hotel_amenity_bathrobes_and_slippers'),ref('hotel_amenity_free_wifi_internet_access'),ref('hotel_amenity_gym'),ref('product_hotel_amenity_conference_room'),ref('product_hotel_amenity_swimming_pool')])]"/>
        </record>
         <record id="hotel_reservation.hotel_room_type_queen_breakfast" model="product.category">
            <field name="service_ids"
                   eval="[(6, 0, [ref('product_hotel_service_car_rental'),ref('product_hotel_service_flower_arrangement'),ref('product_hotel_service_doctor_on_call'),ref('product_hotel_service_extra_bed'),ref('product_hotel_service_shoeshine'),ref('product_hotel_service_24_hour_room_service'),ref('product_hotel_service_courier'),ref('product_hotel_service_luggage_storage')])]"/>
            <field name="amenity_ids"
                   eval="[(6,0,[ref('hotel_amenity_toiletries'),ref('hotel_amenity_personal_care'),ref('hotel_amenity_free_breakfast'),ref('hotel_amenity_coffee_kit'),ref('hotel_amenity_tissue_box'),ref('hotel_amenity_bathrobes_and_slippers'),ref('hotel_amenity_free_wifi_internet_access'),ref('hotel_amenity_gym'),ref('product_hotel_amenity_conference_room'),ref('product_hotel_amenity_swimming_pool')])]"/>
        </record>
        <record id="hotel_reservation.hotel_room_type_king" model="product.category">
            <field name="service_ids"
                   eval="[(6, 0, [ref('product_hotel_service_car_rental'),ref('product_hotel_service_flower_arrangement'),ref('product_hotel_service_doctor_on_call'),ref('product_hotel_service_extra_bed'),ref('product_hotel_service_shoeshine'),ref('product_hotel_service_24_hour_room_service'),ref('product_hotel_service_courier'),ref('product_hotel_service_luggage_storage')])]"/>
            <field name="amenity_ids"
                   eval="[(6,0,[ref('hotel_amenity_toiletries'),ref('hotel_amenity_personal_care'),ref('hotel_amenity_coffee_kit'),ref('hotel_amenity_tissue_box'),ref('hotel_amenity_bathrobes_and_slippers'),ref('hotel_amenity_free_wifi_internet_access'),ref('hotel_amenity_gym'),ref('product_hotel_amenity_conference_room'),ref('product_hotel_amenity_swimming_pool')])]"/>
        </record>
         <record id="hotel_reservation.hotel_room_type_king_breakfast" model="product.category">
            <field name="service_ids"
                   eval="[(6, 0, [ref('product_hotel_service_car_rental'),ref('product_hotel_service_flower_arrangement'),ref('product_hotel_service_doctor_on_call'),ref('product_hotel_service_extra_bed'),ref('product_hotel_service_shoeshine'),ref('product_hotel_service_24_hour_room_service'),ref('product_hotel_service_courier'),ref('product_hotel_service_luggage_storage')])]"/>
            <field name="amenity_ids"
                   eval="[(6,0,[ref('hotel_amenity_toiletries'),ref('hotel_amenity_personal_care'),ref('hotel_amenity_free_breakfast'),ref('hotel_amenity_coffee_kit'),ref('hotel_amenity_tissue_box'),ref('hotel_amenity_bathrobes_and_slippers'),ref('hotel_amenity_free_wifi_internet_access'),ref('hotel_amenity_gym'),ref('product_hotel_amenity_conference_room'),ref('product_hotel_amenity_swimming_pool')])]"/>
        </record>
    </data>
</odoo>