<?xml version="1.0" encoding="utf-8"?>
<odoo>
    <data>
        <record id="hotel_amenity_toiletries" model="product.product">
            <field name="name">Toiletries</field>
            <field name="is_amenity">True</field>
            <field name="description" type="html">
                <ul>
                    <li>Soap</li>
                    <li>Shampoo</li>
                    <li>Conditioner</li>
                    <li>Lotion</li>
                    <li>Shower gel</li>
                    <li>Shower cap</li>
                    <li>Bar Soap</li>
                    <li>Moisturizer etc.</li>
                </ul>
            </field>
            <field name="amenity_category_id" ref="product_amenity_category_all_amenities"/>
            <field name="image_1920" type="base64" file="hotel_services/static/img/toiletries.png"/>
        </record>
        <record id="hotel_amenity_personal_care" model="product.product">
            <field name="name">Personal care</field>
            <field name="is_amenity">True</field>
            <field name="description" type="html">
                <ul>
                    <li>Combs</li>
                    <li>Shaving Cream</li>
                    <li>Razor</li>
                    <li>Hair Dryer etc.</li>
                </ul>
            </field>
            <field name="amenity_category_id" ref="product_amenity_category_all_amenities"/>
            <field name="image_1920" type="base64" file="hotel_services/static/img/personal_care.png"/>
        </record>
        <record id="hotel_amenity_coffee_kit" model="product.product">
            <field name="name">Coffee Kit</field>
            <field name="is_amenity">True</field>
            <field name="description" type="html">
                <ul>
                    <li>Coffee Maker</li>
                    <li>Coffee</li>
                    <li>Creamer</li>
                </ul>
            </field>
            <field name="amenity_category_id" ref="product_amenity_category_all_amenities"/>
            <field name="image_1920" type="base64" file="hotel_services/static/img/coffee_kit.png"/>
        </record>
        <record id="hotel_amenity_tissue_box" model="product.product">
            <field name="name">Tissue Box</field>
            <field name="is_amenity">True</field>
            <field name="amenity_category_id" ref="product_amenity_category_all_amenities"/>
            <field name="image_1920" type="base64" file="hotel_services/static/img/tissue_box.png"/>
        </record>
        <record id="hotel_amenity_free_breakfast" model="product.product">
            <field name="name">Free breakfast</field>
            <field name="is_amenity">True</field>
            <field name="amenity_category_id" ref="product_amenity_category_all_amenities"/>
            <field name="image_1920" type="base64" file="hotel_services/static/img/breakfast.png"/>
        </record>
        <record id="hotel_amenity_bathrobes_and_slippers" model="product.product">
            <field name="name">Bathrobes and slippers</field>
            <field name="is_amenity">True</field>
            <field name="amenity_category_id" ref="product_amenity_category_all_amenities"/>
            <field name="image_1920" type="base64" file="hotel_services/static/img/bathrobe.png"/>
        </record>
        <record id="hotel_amenity_free_wifi_internet_access" model="product.product">
            <field name="name">Free Wi-Fi internet access</field>
            <field name="is_amenity">True</field>
            <field name="amenity_category_id" ref="product_amenity_category_all_amenities"/>
            <field name="image_1920" type="base64" file="hotel_services/static/img/free_wifi.png"/>
        </record>
        <record id="hotel_amenity_gym" model="product.product">
            <field name="name">Gym</field>
            <field name="is_amenity">True</field>
            <field name="amenity_category_id" ref="product_amenity_category_all_amenities"/>
            <field name="image_1920" type="base64" file="hotel_services/static/img/gym.png"/>
        </record>
        <record id="product_hotel_amenity_conference_room" model="product.product">
            <field name="name">Conference Room</field>
            <field name="is_amenity">True</field>
            <field name="amenity_category_id" ref="product_amenity_category_all_amenities"/>
            <field name="image_1920" type="base64" file="hotel_services/static/img/conference_room.png"/>
        </record>
        <record id="product_hotel_amenity_swimming_pool" model="product.product">
            <field name="name">Swimming Pool</field>
            <field name="is_amenity">True</field>
            <field name="amenity_category_id" ref="product_amenity_category_all_amenities"/>
            <field name="image_1920" type="base64" file="hotel_services/static/img/swimming_pool.png"/>
        </record>
    </data>
</odoo>