<?xml version="1.0" encoding="utf-8"?>
<odoo>
    <data>
        <record id="product_hotel_service_car_rental" model="product.product">
            <field name="name">Car Rental</field>
            <field name="is_service">True</field>
            <field name="service_category" ref="service_category_all_services"/>
            <field name="lst_price">700</field>
            <field name="detailed_type">service</field>
            <field name="image_1920" type="base64" file="hotel_services/static/img/car_rental.png"/>
        </record>
        <record id="product_hotel_service_flower_arrangement" model="product.product">
            <field name="name">Flower Arrangement</field>
            <field name="is_service">True</field>
            <field name="service_category" ref="service_category_all_services"/>
            <field name="lst_price">300</field>
            <field name="detailed_type">service</field>
            <field name="image_1920" type="base64" file="hotel_services/static/img/flower_arrangement.png"/>
        </record>
        <record id="product_hotel_service_doctor_on_call" model="product.product">
            <field name="name">Doctor on call</field>
            <field name="is_service">True</field>
            <field name="service_category" ref="service_category_all_services"/>
            <field name="lst_price">100</field>
            <field name="detailed_type">service</field>
            <field name="image_1920" type="base64" file="hotel_services/static/img/doctor.png"/>
        </record>
        <record id="product_hotel_service_shoeshine" model="product.product">
            <field name="name">Shoeshine</field>
            <field name="is_service">True</field>
            <field name="service_category" ref="service_category_all_services"/>
            <field name="lst_price">100</field>
            <field name="detailed_type">service</field>
            <field name="image_1920" type="base64" file="hotel_services/static/img/shoeshine.png"/>
        </record>
        <record id="product_hotel_service_24_hour_room_service" model="product.product">
            <field name="name">24 Hour Room Service</field>
            <field name="is_service">True</field>
            <field name="service_category" ref="service_category_all_services"/>
            <field name="lst_price">300</field>
            <field name="detailed_type">service</field>
            <field name="image_1920" type="base64" file="hotel_services/static/img/room_service.png"/>
        </record>
        <record id="product_hotel_service_courier" model="product.product">
            <field name="name">Courier</field>
            <field name="is_service">True</field>
            <field name="service_category" ref="service_category_all_services"/>
            <field name="lst_price">100</field>
            <field name="detailed_type">service</field>
            <field name="image_1920" type="base64" file="hotel_services/static/img/courier.png"/>
        </record>
        <record id="product_hotel_service_luggage_storage" model="product.product">
            <field name="name">Luggage Locker</field>
            <field name="is_service">True</field>
            <field name="detailed_type">service</field>
            <field name="service_category" ref="service_category_all_services"/>
            <field name="lst_price">100</field>
            <field name="image_1920" type="base64" file="hotel_services/static/img/luggage.png"/>
        </record>
          <record id="product_hotel_service_sport_equipment_rental" model="product.product">
            <field name="name">Sport Equipment Rental </field>
            <field name="is_service">True</field>
            <field name="detailed_type">service</field>
            <field name="service_category" ref="service_category_all_services"/>
            <field name="image_1920" type="base64" file="hotel_services/static/img/sport_equipment.png"/>
        </record>
        <record id="product_hotel_service_extra_bed" model="product.product">
            <field name="name">Extra Mattress </field>
            <field name="is_service">True</field>
            <field name="detailed_type">service</field>
            <field name="lst_price">800</field>
            <field name="service_category" ref="service_category_all_services"/>
            <field name="image_1920" type="base64" file="hotel_services/static/img/mattress.png"/>
        </record>
    </data>
</odoo>
