<?xml version="1.0" encoding="utf-8"?>
<odoo>
    <data>
        <record id="service_category_all_services" model="product.category">
            <field name="name">All Services</field>
            <field name="is_service_category">True</field>
        </record>
        <record id="service_category_fixed" model="product.category">
            <field name="name">Fixed</field>
            <field name="is_service_category">True</field>
        </record>
        <record id="service_category_variable" model="product.category">
            <field name="name">Variable</field>
            <field name="is_service_category">True</field>
        </record>
    </data>
</odoo>