<odoo>
    <data>
        <record id="ir_cron_reservation_room" model="ir.cron">
            <field name="name">Reservation Room</field>
            <field name="model_id" ref="model_product_product"/>
            <field name="state">code</field>
            <field name="code">model.reservation_room_cron()</field>
            <field name="interval_number">30</field>
            <field name="interval_type">minutes</field>
            <field name="numbercall">1</field>
            <field name="active" eval="True"/>
        </record>
    </data>
</odoo>
