<?xml version="1.0" encoding="utf-8"?>
<odoo>
    <record id="website_about_menu" model="website.menu">
        <field name="name">About us</field>
        <field name="url">/about-us</field>
        <field name="parent_id" ref="website.main_menu"/>
        <field name="sequence" type="int">20</field>
    </record>
    <record id="website_services_menu" model="website.menu">
        <field name="name">Services</field>
        <field name="url">/our-services</field>
        <field name="parent_id" ref="website.main_menu"/>
        <field name="sequence" type="int">21</field>
    </record>
    <record id="website_room_menu" model="website.menu">
        <field name="name">Rooms</field>
        <field name="url">/hotel-rooms</field>
        <field name="parent_id" ref="website.main_menu"/>
        <field name="sequence" type="int">22</field>
    </record>
    <record id="website_reservation_inquiry_menu_id" model="website.menu">
        <field name="name">Reservation Inquiry</field>
        <field name="url">/reservation-inquiry</field>
        <field name="parent_id" ref="website.main_menu"/>
        <field name="sequence" type="int">25</field>
    </record>

    <delete model="website.menu" id="website.menu_contactus"/>
    <delete model="website.menu" id="website_sale.menu_shop"/>

</odoo>