<?xml version="1.0" encoding="utf-8" ?>
<template>
    <t t-name="HotelRoomSummaryDashBoard">
        <div class="container">
            <div class="row mt-5">
                <div class="col text-center">
                    <h3>Room Summary</h3>
                </div>
            </div>
            <div class="row mt-5">
                <div class="col d-flex"
                     style="height:45px;background-color:#ced4da;justify-content: center;align-items: center;">
                    <div class="col-3" style="font-weight:bold;">Search By Date</div>
                    <div class="col-6 d-flex">
                        <input type="date" class="form-control from_date mr-3" placeholder="Date From"/>
                        <input type="date" class="form-control to_date ml-2" placeholder="Date To"/>
                    </div>
                    <div class="col-3">
                        <button type="button" class="btn btn-primary btn_search">Search</button>
                    </div>
                </div>
            </div>
            <div class="row room_data mt-5">
            </div>
        </div>
    </t>

    <t t-name="RoomSummaryTable">
        <div class="ignore-sroll data-table-scrollable">
            <table class="table">
                <thead class="thead-light">
                    <tr>
                        <th scope="col">#</th>
                        <th scope="col">Rooms</th>
                        <t t-foreach="report_lines['all_dates']" t-as="date_data">
                            <th scope="col">
                                <t t-esc="date_data"/>
                            </th>
                        </t>
                    </tr>
                </thead>
                <tbody>
                    <t t-set="count" t-value="0"/>
                    <tr t-foreach="report_lines['rooms_datas']" t-as="all_room_data">
                        <t t-set="count" t-value="count + 1"/>

                        <th scope="row">
                            <t t-esc="count"/>
                        </th>

                        <t t-foreach="all_room_data" t-as="data">
                            <th scope="row">
                                <t t-esc="data"/>
                            </th>
                            <t t-foreach="all_room_data[data]" t-as="rooms_avail">
                                <t t-if="rooms_avail['status'] == 'Reserved'">
                                    <td class="room-status" style="color:white; background-color: red"
                                        t-att-data-id="rooms_avail['reservation']">
                                        <t t-esc="rooms_avail['status']"/>
                                    </td>
                                </t>
                                <t t-else="rooms_avail['status'] == 'Available'">
                                    <td class="book-avialble-room" style="color:white; background-color:green"
                                        t-att-data-room_id="rooms_avail['room_id']"
                                        t-att-data-date="rooms_avail['date']">
                                        <t t-esc="rooms_avail['status']"/>
                                    </td>
                                </t>
                            </t>
                        </t>
                    </tr>
                </tbody>
            </table>
        </div>
    </t>
</template>