<?xml version="1.0" encoding="utf-8"?>
<templates xml:space="preserve">
    <t t-name="HotelReservation">
        <div class="container">
            <div class="row" style="padding-top: 20px;">
                <div class="card mb-3 reservation-inquiry-card" style="width: 360px; height: 202px;">
                    <div class="oh-card">
                        <div class="row g-0" style="width: 360px; height: 202px; margin: 0px !important;">
                            <div class="col-md-4 count_circle_parent" style="background-color: #004487">
                               <div class="count_circle_child">
                                    <p class="counter-count inquiry_count"></p>
                                </div>
                            </div>
                            <div class="col-md-8" style="background-color: #0066cc;">
                                <div class="mt-3">
                                    <a class="create_button" id="create_reservation_inquiry">
                                        Create <i class="fa fa-plus"></i>
                                    </a>
                                </div>
                                <div class="card-body" style="background-color: #0066cc !important">
                                    <div class="tile-title" style="background-color: #004487">Reservation Inquiry</div>
                                    <div class="mt-5">
                                        <div class="row">
                                            <div class="col" style="text-align: end;">
                                                <button class="btn dash-btn notification-badges reservation-inquiry-draft-btn"
                                                        data-badge="" type="button" id="search-btn">Draft</button>
                                            </div>
                                            <div class="col" style="text-align: end;">
                                                <button class="btn dash-btn notification-badges reservation-inquiry-confirm-btn"
                                                        data-badge="" type="button">Confirm</button>
                                            </div>
                                        </div>
                                    </div>
                                </div>
                            </div>
                        </div>
                    </div>
                </div>
                <div class="card mb-3 reservation-card" style="width: 360px; height: 170px;margin-left: 10px;">
                    <div class="oh-card">
                        <div class="row g-0" style="width: 360px; height: 170px; margin: 0px !important;">
                            <div class="col-md-4 count_circle_parent" style="background-color: #d41d1d">
                                <div class="count_circle_child">
                                    <p class="counter-count reservation_count"></p>
                                </div>
                            </div>
                            <div class="col-md-8" style="background-color: #fa4242;">
                                <div class="mt-3">
                                    <a class="create_button" id="create_reservation">
                                        Create <i class="fa fa-plus"></i>
                                    </a>
                                </div>
                                <div class="card-body" style="background-color: #fa4242 !important">
                                    <div class="tile-title" style="background-color: #d41d1d">Reservation</div>
                                    <div class="mt-5">
                                          <div class="row">
                                                <div class="col" style="text-align: start;">
                                                    <button class="btn dash-btn notification-badges reservation-draft-btn"
                                                            data-badge="" type="button">Draft</button>
                                                </div>
                                              <div class="col" style="text-align: start;">
                                                   <button type="button" data-badge=""
                                                           class="btn dash-btn notification-badges reservation-verified-btn">Verified</button>
                                                </div>
                                            </div>
                                        <div class="row mt-3">
                                                <div class="col" style="text-align: start;">
                                                    <button class="btn dash-btn notification-badges reservation-booked-btn"
                                                            data-badge="" type="button">Booked</button>
                                                </div>
                                            <div class="col" style="text-align: start;">
                                                    <button class="btn dash-btn notification-badges reservation-check_in-btn"
                                                            data-badge="" type="button">Check In</button>
                                            </div>
                                        </div>
                                    </div>
                                </div>
                            </div>
                        </div>
                    </div>
                </div>
                <div class="card mb-3 folio-card" style="width: 360px; height: 170px;margin-left: 10px;">
                    <div class="oh-card">
                        <div class="row g-0" style="width: 360px; height: 170px; margin: 0px !important;">
                            <div class="col-md-4 count_circle_parent" style="background-color: #095012">
                                <div class="count_circle_child">
                                    <p class="counter-count folio_count"></p>
                                </div>
                            </div>
                            <div class="col-md-8" style="background-color: #1b7a0f;">
                                <div class="mt-3">
                                    <a class="create_button" id="create_folio">
                                        Create <i class="fa fa-plus"></i>
                                    </a>
                                </div>
                                <div class="card-body" style="background-color: #1b7a0f !important">
                                    <div class="tile-title" style="background-color: #095012">Folio</div>
                                    <div class="mt-5">
                                          <div class="row">
                                                <div class="col" style="text-align: end;">
                                                    <button class="btn dash-btn notification-badges folio-draft-btn"
                                                            type="button" data-badge="">Draft</button>
                                                </div>
                                              <div class="col" style="text-align: end;">
                                                    <button class="btn dash-btn notification-badges folio-confirm-btn"
                                                            type="button" data-badge="">Confirm</button>
                                                </div>
                                            </div>
                                        <div class="row mt-3">
                                                <div class="col" style="text-align: end;">
                                                    <button class="btn dash-btn notification-badges folio-invoiced-btn"
                                                            type="button" data-badge="">Invoiced</button>
                                                </div>
                                            <div class="col" style="text-align: end;">
                                                    <button class="btn dash-btn notification-badges folio-done-btn"
                                                            type="button" data-badge="">Done</button>
                                                </div>
                                        </div>
                                    </div>
                                </div>
                            </div>
                        </div>
                    </div>
                </div>
            </div>
            <div class="row mt-5">
                <div class="col text-center">
                    <h3>Room Summary For This Week</h3>
                </div>
            </div>
            <div class="row">
                <div class="col">
                    <div class="DataTableScroll room_data"/>
                </div>
            </div>
            <div class="container-fluid">
                <div class="row mt-4">
                    <div id="donutchart" style="width: 550px; height: 400px; border: 1px solid #ccc"/>
                    <div id="piechart_3d" style="width: 550px; height: 400px; border: 1px solid #ccc"/>
                    <div id="barchart_material" style="width: 550px; height: 400px; border: 1px solid #ccc"/>
                </div>
            </div>
        </div>
    </t>
</templates>