id,name,model_id:id,group_id:id,perm_read,perm_write,perm_create,perm_unlink
access_laundries_order,laundries_order,model_laundry_order,,1,1,1,1
access_washing_types_id,access_washing_types_name,model_washing_types,,1,1,1,1
access_additional_works_id,access_additional_works_name,model_additional_works,,1,1,1,1
access_laundry_order_line,laundry_order_line,model_laundry_order_line,,1,1,1,1
access_washing_washing_id,washing_washing_name,model_washing_washing,,1,1,1,1
access_wash_order_line_id,wash_order_line_name,model_wash_order_line,,1,1,1,1
access_hotel_laundry_report_wizard,access_laundry_order_wizard,model_laundry_order_report_wizard,,1,1,1,1




