id,name,model_id:id,group_id:id,perm_read,perm_write,perm_create,perm_unlink
access_hotel_reservation,hotel_hotel_reservation,model_hotel_reservation,,1,1,1,1
access_room_reservation_line,hotel_room_reservation_line,model_room_reservation_line,,1,1,1,1
access_hotel_tag,access_hotel_tags,model_hotel_tag,,1,1,1,1
access_document_files,document_files,model_document_files,,1,1,1,1
access_document_types,document_types,model_document_types,,1,1,1,1
access_reservation_checkin_wizard,access_reservation_checkin_wizard,model_reservation_checkin_wizard,,1,1,1,1
access_reservation_checkout_wizard,access_reservation_checkout_wizard,model_reservation_checkout_wizard,,1,1,1,1
access_reservation_report_wizard,reservation_report_wizard,model_reservation_report_wizard,,1,1,1,1
access_room_reservation_summary,room_reservation_summary,model_room_reservation_summary,,1,1,1,1
access_upcoming_reservation_report_wizard,upcoming_reservation_report_wizard,model_upcoming_reservation_report_wizard,,1,1,1,1
