<?xml version="1.0" encoding="utf-8"?>
<odoo>

    <record model="ir.module.category" id="hotel_reservation_categ">
        <field name="name">Reservation</field>
    </record>

    <record id="hotel_reservation_admin_group" model="res.groups">
        <field name="name">Hotel Reservation Admin</field>
        <field name="category_id" ref="hotel_reservation.hotel_reservation_categ"/>
    </record>

    <record id="hotel_reservation_rule" model="ir.rule">
        <field name="name">Hotel Reservation</field>
        <field name="model_id" ref="model_hotel_reservation"/>
        <field name="domain_force">['|',('company_id', '=',False),('company_id', 'in', company_ids)]</field>
    </record>

</odoo>