id,name,model_id:id,group_id:id,perm_read,perm_write,perm_create,perm_unlink
access_restaurant_table_booking,access_restaurant_table_booking,model_restaurant_table_booking,base.group_user,1,1,1,1
access_restaurant_table_order,access_restaurant_table_order,model_restaurant_table_order,base.group_user,1,1,1,1
access_restaurant_kitchen_order,access_restaurant_kitchen_order,model_restaurant_kitchen_order,base.group_user,1,1,1,1
access_restaurant_table,access_restaurant_table,model_restaurant_table,base.group_user,1,1,1,1
access_table,access_table_category,model_table_category,,1,1,1,1
access_table_tags_id,access_table_tags_name,model_table_tag,,1,1,1,1
access_restaurant_tags_id,access_restaurant_tags_name,model_restaurant_tag,,1,1,1,1
access_food_order_line_id,access_food_order_line_name,model_food_order_line,,1,1,1,1
access_restaurant_order_wizard,access_restaurant_order_wizard,model_restaurant_order_wizard,,1,1,1,1
access_restaurant_table_booking_wizard,access_restaurant_table_booking_wizard,model_restaurant_table_booking_wizard,,1,1,1,1
