<?xml version="1.0" encoding="utf-8"?>
<odoo>
    <data noupdate="0">
        <record id="hotel_room_clean" model="additional.works">
            <field name="name">Room Cleaning</field>
            <field name="amount">500</field>
            <field name="assigned_person" ref="base.user_admin"/>
        </record>

        <record id="hotel_room_mattress" model="additional.works">
            <field name="name">Changing Mattress</field>
            <field name="amount">200</field>
            <field name="assigned_person" ref="base.user_admin"/>
        </record>

        <record id="hotel_room_pillow_covers" model="additional.works">
            <field name="name">Pillow Covers</field>
            <field name="amount">200</field>
            <field name="assigned_person" ref="base.user_admin"/>
        </record>

        <record id="hotel_room_extra_linens" model="additional.works">
            <field name="name">Extra Linens</field>
            <field name="amount">200</field>
            <field name="assigned_person" ref="base.user_admin"/>
        </record>
    </data>
</odoo>