<?xml version="1.0" encoding="utf-8"?>
<odoo>
    <data noupdate="0">
        <record id="hotel_service_normal_wash" model="washing.types">
            <field name="name">Normal Wash</field>
            <field name="amount">300</field>
            <field name="assigned_person" ref="base.user_admin"/>
        </record>

        <record id="hotel_service_pigment_wash" model="washing.types">
            <field name="name">Pigment Wash</field>
            <field name="amount">500</field>
            <field name="assigned_person" ref="base.user_admin"/>
        </record>

        <record id="hotel_service_bleach_wash" model="washing.types">
            <field name="name">Bleach Wash</field>
            <field name="amount">500</field>
            <field name="assigned_person" ref="base.user_admin"/>
        </record>

        <record id="hotel_service_stone_wash" model="washing.types">
            <field name="name">Stone Wash</field>
            <field name="amount">500</field>
            <field name="assigned_person" ref="base.user_admin"/>
        </record>

        <record id="hotel_service_acid_wash" model="washing.types">
            <field name="name">Acid Wash</field>
            <field name="amount">500</field>
            <field name="assigned_person" ref="base.user_admin"/>
        </record>

        <record id="hotel_service_caustic_wash" model="washing.types">
            <field name="name">Caustic Wash</field>
            <field name="amount">500</field>
            <field name="assigned_person" ref="base.user_admin"/>
        </record>

        <record id="hotel_service_enzyme_wash" model="washing.types">
            <field name="name">Enzyme Wash</field>
            <field name="amount">500</field>
            <field name="assigned_person" ref="base.user_admin"/>
        </record>
    </data>
</odoo>