<?xml version="1.0" encoding="utf-8"?>
<odoo>
    <record id="hotel_folio_service_tag" model="folio.tag">
        <field name="name">Service</field>
        <field name="color">1</field>
    </record>

    <record id="hotel_folio_room_tag" model="folio.tag">
        <field name="name">Room</field>
        <field name="color">2</field>
    </record>

    <record id="hotel_folio_room_type_tag" model="folio.tag">
        <field name="name">Room Type</field>
        <field name="color">3</field>
    </record>

    <record id="hotel_folio_simple_tag" model="folio.tag">
        <field name="name">Simple</field>
        <field name="color">4</field>
    </record>

    <record id="hotel_folio_misc_tag" model="folio.tag">
        <field name="name">Miscellaneous</field>
        <field name="color">5</field>
    </record>

    <record id="hotel_folio_amenities_tag" model="folio.tag">
        <field name="name">Amenities</field>
        <field name="color">6</field>
    </record>

     <record id="hotel_folio_charges_tag" model="folio.tag">
        <field name="name">Room Charges</field>
        <field name="color">7</field>
    </record>
</odoo>
