<?xml version="1.0" encoding="utf-8"?>
<data>
    <record id="seq_restaurant_table_booking" model="ir.sequence">
        <field name="name">Restaurant Table Booking Sequence</field>
        <field name="code">restaurant.table.booking</field>
        <field name="prefix">TB</field>
        <field name="padding">5</field>
        <field name="company_id" eval="False"/>
    </record>

    <record id="seq_restaurant_table_order" model="ir.sequence">
        <field name="name">Restaurant Table Order Sequence</field>
        <field name="code">restaurant.table.order</field>
        <field name="prefix">TO</field>
        <field name="padding">5</field>
        <field name="company_id" eval="False"/>
    </record>

    <record id="seq_restaurant_kitchen_order" model="ir.sequence">
        <field name="name">Restaurant Kitchen Order Sequence</field>
        <field name="code">restaurant.kitchen.order</field>
        <field name="prefix">KO</field>
        <field name="padding">5</field>
        <field name="company_id" eval="False"/>
    </record>
</data>