<?xml version="1.0" encoding="utf-8"?>
<odoo>
    <data noupdate="1">
        <record id="restaurant_table_type_1" model="restaurant.table">
            <field name="table_id">Table 1</field>
            <field name="capacity">2</field>
            <field name="table_category_id" ref="table_two_category"/>
            <field name="table_tag_ids"
                   eval="[(6, 0, [ref('table_simple_tag'),ref('table_rectangle_tag'),ref('table_marble_tag')])]"/>
        </record>
        <record id="restaurant_table_type_2" model="restaurant.table">
            <field name="table_id">Table 2</field>
            <field name="capacity">2</field>
            <field name="table_category_id" ref="table_two_category"/>
            <field name="table_tag_ids"
                   eval="[(6, 0, [ref('table_simple_tag'),ref('table_rectangle_tag'),ref('table_marble_tag')])]"/>
        </record>
        <record id="restaurant_table_type_3" model="restaurant.table">
            <field name="table_id">Table 3</field>
            <field name="capacity">2</field>
            <field name="table_category_id" ref="table_heighted_category"/>
            <field name="table_tag_ids"
                   eval="[(6, 0, [ref('table_high_tag'),ref('table_glass_tag'),ref('table_luxurious_tag')])]"/>

        </record>
        <record id="restaurant_table_type_4" model="restaurant.table">
            <field name="table_id">Table 4</field>
            <field name="capacity">2</field>
            <field name="table_category_id" ref="table_aesthetic_category"/>
            <field name="table_tag_ids"
                   eval="[(6, 0, [ref('table_luxurious_tag'),ref('table_premium_tag'),ref('table_polish_tag')])]"/>

        </record>
        <record id="restaurant_table_type_5" model="restaurant.table">
            <field name="table_id">Table 5</field>
            <field name="capacity">3</field>
            <field name="table_category_id" ref="table_aesthetic_category"/>
            <field name="table_tag_ids"
                   eval="[(6, 0, [ref('table_luxurious_tag'),ref('table_premium_tag'),ref('table_polish_tag')])]"/>

        </record>
        <record id="restaurant_table_type_6" model="restaurant.table">
            <field name="table_id">Table 6</field>
            <field name="capacity">4</field>
            <field name="table_category_id" ref="table_four_category"/>
            <field name="table_tag_ids"
                   eval="[(6, 0, [ref('table_simple_tag'),ref('table_rectangle_tag'),ref('table_marble_tag')])]"/>
        </record>
        <record id="restaurant_table_type_7" model="restaurant.table">
            <field name="table_id">Table 7</field>
            <field name="capacity">4</field>
            <field name="table_category_id" ref="table_four_category"/>
            <field name="table_tag_ids"
                   eval="[(6, 0, [ref('table_simple_tag'),ref('table_rectangle_tag'),ref('table_marble_tag')])]"/>
        </record>
        <record id="restaurant_table_type_8" model="restaurant.table">
            <field name="table_id">Table 8</field>
            <field name="capacity">4</field>
            <field name="table_category_id" ref="table_heighted_category"/>
            <field name="table_tag_ids"
                   eval="[(6, 0, [ref('table_high_tag'),ref('table_glass_tag'),ref('table_luxurious_tag')])]"/>

        </record>
        <record id="restaurant_table_type_9" model="restaurant.table">
            <field name="table_id">Table 9</field>
            <field name="capacity">4</field>
            <field name="table_category_id" ref="table_outdoor_category"/>
            <field name="table_tag_ids"
                   eval="[(6, 0, [ref('table_rectangle_tag'),ref('table_premium_tag'),ref('table_polish_tag'),ref('table_marble_tag')])]"/>
        </record>
        <record id="restaurant_table_type_10" model="restaurant.table">
            <field name="table_id">Table 10</field>
            <field name="capacity">5</field>
            <field name="table_category_id" ref="table_round_category"/>
            <field name="table_tag_ids"
                   eval="[(6, 0, [ref('table_round_tag'),ref('table_glass_tag'),ref('table_luxurious_tag'),ref('table_polish_tag')])]"/>
        </record>
        <record id="restaurant_table_type_11" model="restaurant.table">
            <field name="table_id">Table 11</field>
            <field name="capacity">5</field>
            <field name="table_category_id" ref="table_round_category"/>
            <field name="table_tag_ids"
                   eval="[(6, 0, [ref('table_round_tag'),ref('table_glass_tag'),ref('table_luxurious_tag'),ref('table_polish_tag')])]"/>
        </record>
        <record id="restaurant_table_type_12" model="restaurant.table">
            <field name="table_id">Table 12</field>
            <field name="capacity">6</field>
            <field name="table_category_id" ref="table_family_category"/>
            <field name="table_tag_ids"
                   eval="[(6, 0, [ref('table_simple_tag'),ref('table_marble_tag'),ref('table_rectangle_tag'),ref('table_polish_tag'),ref('table_low_tag')])]"/>
        </record>
        <record id="restaurant_table_type_13" model="restaurant.table">
            <field name="table_id">Table 13</field>
            <field name="capacity">6</field>
            <field name="table_category_id" ref="table_family_category"/>
            <field name="table_tag_ids"
                   eval="[(6, 0, [ref('table_simple_tag'),ref('table_marble_tag'),ref('table_rectangle_tag'),ref('table_polish_tag'),ref('table_low_tag')])]"/>
        </record>
        <record id="restaurant_table_type_14" model="restaurant.table">
            <field name="table_id">Table 14</field>
            <field name="capacity">6</field>
            <field name="table_category_id" ref="table_outdoor_category"/>
            <field name="table_tag_ids"
                   eval="[(6, 0, [ref('table_rectangle_tag'),ref('table_premium_tag'),ref('table_polish_tag'),ref('table_marble_tag')])]"/>

        </record>
        <record id="restaurant_table_type_15" model="restaurant.table">
            <field name="table_id">Table 15</field>
            <field name="capacity">8</field>
            <field name="table_category_id" ref="table_family_category"/>
            <field name="table_tag_ids"
                   eval="[(6, 0, [ref('table_simple_tag'),ref('table_marble_tag'),ref('table_rectangle_tag'),ref('table_polish_tag'),ref('table_low_tag')])]"/>

        </record>
        <record id="restaurant_table_type_16" model="restaurant.table">
            <field name="table_id">Table 16</field>
            <field name="capacity">8</field>
            <field name="table_category_id" ref="table_family_category"/>
            <field name="table_tag_ids"
                   eval="[(6, 0, [ref('table_simple_tag'),ref('table_marble_tag'),ref('table_rectangle_tag'),ref('table_polish_tag'),ref('table_low_tag')])]"/>

        </record>
        <record id="restaurant_table_type_17" model="restaurant.table">
            <field name="table_id">Table 17</field>
            <field name="capacity">10</field>
            <field name="table_category_id" ref="table_family_category"/>
            <field name="table_tag_ids"
                   eval="[(6, 0, [ref('table_simple_tag'),ref('table_marble_tag'),ref('table_rectangle_tag'),ref('table_polish_tag'),ref('table_low_tag')])]"/>

        </record>
        <record id="restaurant_table_type_18" model="restaurant.table">
            <field name="table_id">Table 18</field>
            <field name="capacity">10</field>
            <field name="table_category_id" ref="table_family_category"/>
            <field name="table_tag_ids"
                   eval="[(6, 0, [ref('table_simple_tag'),ref('table_marble_tag'),ref('table_rectangle_tag'),ref('table_polish_tag'),ref('table_low_tag')])]"/>

        </record>

    </data>
</odoo>
