<?xml version="1.0" encoding="utf-8"?>
<odoo>
    <data noupdate="0">
        <record id="restaurant_food_item_gujarati" model="product.category">
            <field name="name">Gujarati</field>
            <field name="is_food_type">True</field>
        </record>
         <record id="restaurant_food_item_punjabi" model="product.category">
            <field name="name">Punjabi</field>
             <field name="is_food_type">True</field>
        </record>
         <record id="restaurant_food_item_chinese" model="product.category">
            <field name="name">Chinese</field>
             <field name="is_food_type">True</field>
        </record>
        <record id="restaurant_food_item_breakfast" model="product.category">
            <field name="name">Breakfast</field>
             <field name="is_food_type">True</field>
        </record>
    </data>
</odoo>
