<?xml version="1.0" encoding="utf-8"?>
<odoo>
    <data noupdate="0">
        <record id="restaurant_food_item_1" model="product.product">
            <field name="name">Paneer Bhurji</field>
            <field name="is_food_item">True</field>
            <field name="image_1920" type="base64" file="hotel_restaurant/static/img/paneer-bhurji.png"/>
            <field name="lst_price">210</field>
            <field name="food_item_category" ref="hotel_restaurant.restaurant_food_item_punjabi"/>
        </record>
        <record id="restaurant_food_item_2" model="product.product">
            <field name="name">Paneer Butter Masala</field>
            <field name="is_food_item">True</field>
            <field name="image_1920" type="base64" file="hotel_restaurant/static/img/butter-masala.png"/>
            <field name="lst_price">210</field>
            <field name="food_item_category" ref="hotel_restaurant.restaurant_food_item_punjabi"/>
        </record>
         <record id="restaurant_food_item_3" model="product.product">
            <field name="name">Manchurian Dry</field>
             <field name="is_food_item">True</field>
            <field name="image_1920" type="base64" file="hotel_restaurant/static/img/manchurian.png"/>
            <field name="lst_price">120</field>
            <field name="food_item_category" ref="hotel_restaurant.restaurant_food_item_chinese"/>
        </record>
        <record id="restaurant_food_item_4" model="product.product">
            <field name="name">Noodles</field>
            <field name="is_food_item">True</field>
            <field name="image_1920" type="base64" file="hotel_restaurant/static/img/noodles.png"/>
            <field name="lst_price">120</field>
            <field name="food_item_category" ref="hotel_restaurant.restaurant_food_item_chinese"/>
        </record>
        <record id="restaurant_food_item_5" model="product.product">
            <field name="name">Aloo Mutter</field>
            <field name="is_food_item">True</field>
            <field name="image_1920" type="base64" file="hotel_restaurant/static/img/aloo.png"/>
            <field name="lst_price">150</field>
            <field name="food_item_category" ref="hotel_restaurant.restaurant_food_item_gujarati"/>
        </record>
        <record id="restaurant_food_item_6" model="product.product">
            <field name="name">Roti</field>
            <field name="is_food_item">True</field>
            <field name="image_1920" type="base64" file="hotel_restaurant/static/img/roti.png"/>
            <field name="lst_price">20</field>
            <field name="food_item_category" ref="hotel_restaurant.restaurant_food_item_gujarati"/>
        </record>
        <record id="restaurant_food_item_7" model="product.product">
            <field name="name">Toast Bread</field>
            <field name="is_food_item">True</field>
            <field name="is_breakfast">True</field>
            <field name="image_1920" type="base64" file="hotel_restaurant/static/img/toast-bread.jpg"/>
            <field name="lst_price">40</field>
            <field name="food_item_category" ref="hotel_restaurant.restaurant_food_item_breakfast"/>
        </record>
    </data>
</odoo>
