<?xml version="1.0" encoding="utf-8"?>
<odoo>
    <data noupdate="1">
        <record id="restaurant_guest_tag" model="restaurant.tag">
            <field name="name">Guest</field>
            <field name="color">1</field>
        </record>
        <record id="restaurant_special_tag" model="restaurant.tag">
            <field name="name">Special Guest</field>
            <field name="color">2</field>
        </record>
        <record id="restaurant_hotel_tag" model="restaurant.tag">
            <field name="name">Hotel Guest</field>
            <field name="color">3</field>
        </record>
    </data>
</odoo>
