<?xml version="1.0" encoding="utf-8"?>
<odoo>
    <data>
        <record id="hotel_reservation.hotel_room_type_single_breakfast" model="product.category">
            <field name="breakfast_ids"
                   eval="[(6, 0, [ref('hotel_restaurant.restaurant_food_item_7')])]"/>
        </record>
        <record id="hotel_reservation.hotel_room_type_double_breakfast" model="product.category">
            <field name="breakfast_ids"
                   eval="[(6, 0, [ref('hotel_restaurant.restaurant_food_item_7')])]"/>
        </record>
        <record id="hotel_reservation.hotel_room_type_triple_breakfast" model="product.category">
            <field name="breakfast_ids"
                   eval="[(6, 0, [ref('hotel_restaurant.restaurant_food_item_7')])]"/>
        </record>
        <record id="hotel_reservation.hotel_room_type_quad_breakfast" model="product.category">
            <field name="breakfast_ids"
                   eval="[(6, 0, [ref('hotel_restaurant.restaurant_food_item_7')])]"/>
        </record>
         <record id="hotel_reservation.hotel_room_type_queen_breakfast" model="product.category">
             <field name="breakfast_ids"
                   eval="[(6, 0, [ref('hotel_restaurant.restaurant_food_item_7')])]"/>
        </record>
         <record id="hotel_reservation.hotel_room_type_king_breakfast" model="product.category">
             <field name="breakfast_ids"
                   eval="[(6, 0, [ref('hotel_restaurant.restaurant_food_item_7')])]"/>
        </record>
    </data>
</odoo>