<?xml version="1.0" encoding="utf-8"?>
<odoo>
    <data noupdate="1">
        <record id="table_premium_tag" model="table.tag">
            <field name="name">Premium</field>
            <field name="color">1</field>
        </record>

        <record id="table_luxurious_tag" model="table.tag">
            <field name="name">Luxurious</field>
            <field name="color">2</field>
        </record>

        <record id="table_high_tag" model="table.tag">
            <field name="name">High</field>
            <field name="color">3</field>
        </record>

        <record id="table_simple_tag" model="table.tag">
            <field name="name">Simple</field>
            <field name="color">4</field>
        </record>

        <record id="table_low_tag" model="table.tag">
            <field name="name">Low</field>
            <field name="color">5</field>
        </record>

        <record id="table_round_tag" model="table.tag">
            <field name="name">Round</field>
            <field name="color">6</field>
        </record>

        <record id="table_rectangle_tag" model="table.tag">
            <field name="name">Rectangle</field>
            <field name="color">7</field>
        </record>
        <record id="table_marble_tag" model="table.tag">
            <field name="name">Marble</field>
            <field name="color">8</field>
        </record>
        <record id="table_glass_tag" model="table.tag">
            <field name="name">Glass</field>
            <field name="color">9</field>
        </record>
        <record id="table_polish_tag" model="table.tag">
            <field name="name">Polished</field>
            <field name="color">10</field>
        </record>
    </data>
</odoo>
