<?xml version="1.0" encoding="utf-8"?>
<odoo>
    <data noupdate="1">
        <record id="table_two_category" model="table.category">
            <field name="name">Two Person Table</field>
        </record>

        <record id="table_four_category" model="table.category">
            <field name="name">Four Person Table</field>
        </record>

        <record id="table_family_category" model="table.category">
            <field name="name">Family Table</field>
        </record>

        <record id="table_round_category" model="table.category">
            <field name="name">Round Table</field>
        </record>

        <record id="table_heighted_category" model="table.category">
            <field name="name">Heighted Tables</field>
        </record>

        <record id="table_outdoor_category" model="table.category">
            <field name="name">Outdoor Tables</field>
        </record>

        <record id="table_aesthetic_category" model="table.category">
            <field name="name">Aesthetic Tables</field>
        </record>
    </data>
</odoo>
