id,name,model_id:id,group_id:id,perm_read,perm_write,perm_create,perm_unlink
access_hotel_folio,hotel_hotel_folio,model_hotel_folio,,1,1,1,1
access_hotel_service_line,hotel_hotel_service_line,model_hotel_service_line,,1,1,1,1
access_hotel_room_line,hotel_hotel_room_line,model_hotel_room_line,,1,1,1,1
access_hotel_folio_tag,hotel_folio_tag,model_folio_tag,,1,1,1,1
access_room_book_history,room_book_history_name,model_room_book_history,,1,1,1,1
access_advance_payment_wizard,advance_payment_wizard_name,model_advance_payment_wizard,,1,1,1,1
folio_report_wizard,folio_report_wizard,model_folio_report_wizard,,1,1,1,1
