<?xml version="1.0" encoding="utf-8" ?>
<template>
    <t t-name="RestaurantDashBoard">
        <div class="o_restaurant_dashboard py-4 mb-3">
            <div>
                <table class="table table-sm">
                    <tr>
                        <td class="o_text">
                            <div class="o_highlight">Table Bookings</div>
                        </td>
                        <td t-att-class="demo_class + ' o_main o_table_draft_dashboard_action'" title="Draft Booking Tables">
                            <a href="#">
                                <span class="o_highlight"><t t-esc="widget.values['total_draft_tables']"/></span><br/>
                                Draft
                            </a>
                        </td>
                        <td t-att-class="demo_class + ' o_main o_table_confirm_dashboard_action'">
                            <a href="#">
                                <span class="o_highlight"><t t-esc="widget.values['total_confirmed_tables']"/></span><br/>
                                Confirmed
                            </a>
                        </td>
                        <td t-att-class="demo_class + ' o_main o_table_done_dashboard_action'">
                            <a href="#">
                                <span class="o_highlight"><t t-esc="widget.values['total_done_tables']"/></span><br/>
                                Done
                            </a>
                        </td>
                    </tr>
                </table>
            </div><div>
                <table class="table table-sm">
                    <tr>
                        <td class="o_text">
                            <div class="o_highlight">Orders</div>
                        </td>
                        <td t-att-class="demo_class + ' o_main o_order_draft_dashboard_action'">
                            <a href="#">
                                <span class="o_highlight"><t t-esc="widget.values['total_draft_orders']"/></span><br/>
                                Draft
                            </a>
                        </td>
                        <td t-att-class="demo_class + ' o_main o_order_confirm_dashboard_action'">
                            <a href="#">
                                <span class="o_highlight"><t t-esc="widget.values['total_confirmed_orders']"/></span><br/>
                                Confirmed
                            </a>
                        </td>
                        <td t-att-class="demo_class + ' o_main o_order_done_dashboard_action'">
                            <a href="#">
                                <span class="o_highlight"><t t-esc="widget.values['total_done_orders']"/></span><br/>
                                Done
                            </a>
                        </td>
                    </tr>
                </table>
            </div>
            <br/>
            <br/>
            <div>
                <table class="table table-sm">
                    <tr>
                        <td t-att-class=" 'o_secondary o_kitchen_orders_dashboard_action ' + demo_class ">
                            <a href="#">
                                <span class="o_highlight"><t t-esc="widget.values['total_kitchen_orders']"/></span><br/>
                                Kitchen Orders
                            </a>
                        </td>
                    </tr>
                </table>
            </div><div>
                <table class="table table-sm">
                    <tr>
                        <td t-att-class=" 'o_secondary o_food_items_dashboard_action ' + demo_class ">
                            <a href="#">
                                <span class="o_highlight"><t t-esc="widget.values['total_food_items']"/></span><br/>
                                Food Items
                            </a>
                        </td>
                    </tr>
                </table>
            </div><div>
                <table class="table table-sm">
                    <tr>
                        <td t-att-class=" 'o_secondary o_food_item_types_dashboard_action ' + demo_class ">
                            <a href="#">
                                <span class="o_highlight"><t t-esc="widget.values['total_food_item_types']"/></span><br/>
                                Food Item Types
                            </a>
                        </td>
                    </tr>
                </table>
            </div><div>
                <table class="table table-sm">
                    <tr>
                        <td t-att-class=" 'o_secondary o_total_tables_dashboard_action ' + demo_class ">
                            <a href="#">
                                <span class="o_highlight"><t t-esc="widget.values['total_tables']"/></span><br/>
                                Total Tables
                            </a>
                        </td>
                    </tr>
                </table>
            </div>
        </div>
    </t>
</template>