<?xml version="1.0" encoding="utf-8"?>
<odoo>
    <record id="call_activity" model="activities">
        <field name="name">Call</field>
        <field name="activity_category_id" ref="service_category"/>
    </record>

    <record id="vacuum_activity" model="activities">
        <field name="name">Vacuuming</field>
        <field name="activity_category_id" ref="cleaning_category"/>
    </record>

    <record id="linen_activity" model="activities">
        <field name="name">Linen Room</field>
        <field name="activity_category_id" ref="decoration_category"/>
    </record>

    <record id="pest_activity" model="activities">
        <field name="name">Pest Control</field>
        <field name="activity_category_id" ref="service_category"/>
    </record>

    <record id="bedsheet_activity" model="activities">
        <field name="name">Change bedsheet</field>
        <field name="activity_category_id" ref="cleaning_category"/>
    </record>

    <record id="curtain_activity" model="activities">
        <field name="name">Change curtains</field>
        <field name="activity_category_id" ref="decoration_category"/>
    </record>

    <record id="beverages_activity" model="activities">
        <field name="name">Re-fill Beverages</field>
        <field name="activity_category_id" ref="service_category"/>
    </record>

    <record id="sweeping_activity" model="activities">
        <field name="name">Sweeping</field>
        <field name="activity_category_id" ref="cleaning_category"/>
    </record>

    <record id="mopping_activity" model="activities">
        <field name="name">Mopping Floors.</field>
        <field name="activity_category_id" ref="cleaning_category"/>
    </record>

    <record id="mopping_activity" model="activities">
        <field name="name">Fix leakage.</field>
        <field name="activity_category_id" ref="plumbing_category"/>
    </record>
</odoo>


