<?xml version="1.0" encoding="utf-8"?>
<odoo>
    <record id="cleaning_category" model="activity.category">
        <field name="name">Cleaning</field>
    </record>

    <record id="service_category" model="activity.category">
        <field name="name">Service</field>
    </record>

    <record id="decoration_category" model="activity.category">
        <field name="name">Interior decoration</field>
    </record>

    <record id="plumbing_category" model="activity.category">
        <field name="name">Plumbing</field>
    </record>
</odoo>
