<?xml version="1.0" encoding="UTF-8"?>
<templates id="template" xml:space="preserve">
   <t t-name="FolioScreen" owl="1">
       <div class="clientlist-screen screen">
           <div class="screen-content">
               <div class="top-content">
                   <div class="button back" t-on-click="back">
                       Back
                   </div>
               </div>
               <section class="full-content">
                   <div class="client-window">
                       <section class="subwindow list">
                           <div class="subwindow-container">
                               <div class="subwindow-container-fix scrollable-y">
                                   <table class="client-list">
                                       <thead>
                                           <tr>
                                               <th>Folio Reference</th>
                                               <th>Reservation</th>
                                               <th>Order Date</th>
                                               <th>Guest</th>
                                           </tr>
                                       </thead>
                                       <tbody>
                                          <t t-foreach="folios" t-as="data" t-key="data.id">
                                            <tr>
                                                <td> <t t-esc="data.name"/> </td>
                                                <td> <t t-esc="data.reservation_id[1]"/> </td>
                                                <td> <t t-esc="data.order_date"/> </td>
                                                <td> <t t-esc="data.partner_id[1]"/> </td>
                                            </tr>
                                          </t>
                                       </tbody>
                                   </table>
                               </div>
                           </div>
                       </section>
                   </div>
               </section>
           </div>
       </div>
   </t>
</templates>