<?xml version="1.0" encoding="UTF-8"?>
<templates id="template" xml:space="preserve">
<t t-name="FolioButton" owl="1">
    <div class="control-button" t-att-class="is_available()? 'highlight' : ''">
        <span style="float: left"><i class="fa fa-list" aria-hidden="true"/></span>
        <span>Folio</span>
    </div>
</t>
<!--<t t-inherit="point_of_sale.ActionpadWidget" t-inherit-mode="extension" owl="1">-->
<!--        <xpath expr="//button[hasclass('set-customer')]" position="after">-->
<!--            <div class="button set-folio" t-on-click="trigger('click-customer')" style="text-align: center">-->
<!--&lt;!&ndash;                <span style="float: left"><i class="fa fa-list" aria-hidden="true"/></span>&ndash;&gt;-->
<!--                <t t-if="!env.isMobile"><i class="fa fa-list" role="img" aria-label="Folio" title="Folio" /></t>-->
<!--                <t t-if="client">-->
<!--                    <t t-esc="client.name" />-->
<!--                </t>-->
<!--                <t t-else="">-->
<!--                    Folio-->
<!--                </t>-->
<!--            </div>-->
<!--        </xpath>-->
<!--</t>-->
</templates>