<?xml version="1.0" encoding="utf-8"?>

<templates id="template" xml:space="preserve">
    <t t-name="ServiceDashboard">
        <div class="page-wrapper">
            <div class="page-container">
                <div class="page-content-wrapper">
                    <div class="page-content">
                        <div class="dashboard-row">
                            <div class="dashboard-tile" data-model="hotel.housekeeping"
                               data-name="Total Housekeeping">
                                <h3 class="tile-title">
                                    Total Housekeeping
                                </h3>
                                <div class="tile-content">
                                  <p class="tile-value"><t t-esc="widget.total_data"/></p>
                                </div>
                            </div>

<!--                            <div class="dashboard-tile" data-model="laundry.order" data-name="Total Laundry">-->
<!--                                <h3 class="tile-title">-->
<!--                                    Total Laundry-->
<!--                                </h3>-->
<!--                                <div class="tile-content">-->
<!--                                      <p class="tile-value"><t t-esc="widget.total_laundry"/></p>-->
<!--                                </div>-->
<!--                            </div>-->
                        </div>

                        <div style="width: 122%;float: none;display: inline-flex;">

                            <div class="chart-container card-shadow" id="tiles">
                                <div style="height: 20px; max-height: 20px;">
                                    <h2>Housekeeping</h2>
                                </div>
                                <hr/>
                                <table style="margin-top: 30px;" class="table table-hover" id="housekeeping_table">
                                         <thead>
                                             <tr>
                                                <th>
                                                    <h2>Reference</h2>
                                                </th>
                                                 <th>
                                                     <h2 style="text-align: center;">Status</h2>
                                                </th>
                                             </tr>
                                         </thead>
                                    <tbody class="storage"/>
                                </table>
                            </div>

                            <div class="chart-container card-shadow" id="tiles">
                                <div style="height: 20px; max-height: 20px">
                                    <h2>Laundry</h2>
                                </div>
                                <hr/>
                                <table style="margin-top: 30px;" class="table table-hover" id="laundry_table">
                                         <thead>
                                             <tr>
                                                <th>
                                                    <h2>Customer</h2>
                                                </th>
                                                 <th>
                                                     <h2 style="text-align: center;">Status</h2>
                                                </th>
                                             </tr>
                                         </thead>
                                    <tbody class="storage"/>
                                </table>
                            </div>
                        </div>
                    </div>
                </div>
            </div>
        </div>
    </t>
</templates>







