<odoo>
    <data>
        <record id="reservation_cancel_cron" model="ir.cron">
            <field name="name">Reservation Cancel</field>
            <field name="model_id" ref="model_hotel_reservation"/>
            <field name="state">code</field>
            <field name="code">model._cancel_reservation()</field>
            <field name="interval_number">1</field>
            <field name="interval_type">days</field>
            <field name="numbercall">-1</field>
        </record>
    </data>
</odoo>
