<?xml version="1.0" encoding="utf-8"?>
<odoo>
    <data noupdate="1">
        <record id="document_categ_id_card" model="document.types">
            <field name="name">Aadhar Card</field>
        </record>
        <record id="document_categ_passport" model="document.types">
            <field name="name">passport</field>
        </record>
        <record id="document_categ_license" model="document.types">
            <field name="name">Driving license</field>
        </record>
        <record id="document_categ_voter_card" model="document.types">
            <field name="name">Voter's ID card</field>
        </record>
    </data>
</odoo>