<?xml version="1.0" encoding="utf-8"?>
<odoo>
    <record id="hotel_premium_tag" model="hotel.tag">
        <field name="name">Premium</field>
        <field name="color">1</field>
    </record>

    <record id="hotel_luxurious_tag" model="hotel.tag">
        <field name="name">Luxurious</field>
        <field name="color">2</field>
    </record>

    <record id="hotel_master_tag" model="hotel.tag">
        <field name="name">Master Bedroom</field>
        <field name="color">3</field>
    </record>

    <record id="hotel_simple_tag" model="hotel.tag">
        <field name="name">Simple</field>
        <field name="color">4</field>
    </record>

    <record id="hotel_furnished_tag" model="hotel.tag">
        <field name="name">Furnished</field>
        <field name="color">5</field>
    </record>
</odoo>
