<?xml version="1.0" encoding="UTF-8"?>
<odoo>
    <data>
        <record id="email_template_hotel_reservation" model="mail.template">
            <field name="name">Hotel Reservation: Send by email</field>
            <field name="model_id" ref="hotel_reservation.model_hotel_reservation"/>
            <field name="subject">Reservation Confirmation {{ object.name }}</field>
            <field name="email_from">{{object.create_uid.email}}</field>
            <field name="email_to">{{object.partner_id.email}}</field>
            <field name="body_html" type="html">
                <div style="margin: 0px; padding: 0px;">
                    <p style="margin: 0px; padding: 0px; font-size: 13px;">
                        <h3 style="display: inline;">Dear</h3>
                        <h3 style="display: inline;" t-out="object.partner_id.name or ''"/>,
                        <br/>
                        <br/>
                        Thank you for choosing to stay at <b t-out="object.company_id.name"/>.
                        <br/>
                        <br/>
                        We are pleased to confirm your accommodation details as follows:
                    </p>
                    <br/>
                    <br/>
                    <div>
                        <b>Arrival:</b>
                        <span t-out="object.check_in"/>
                    </div>
                    <div>
                        <b>Departure:</b>
                        <span t-out="object.check_out"/>
                    </div>
                    <div>
                        <b>Duration:</b>
                        <span t-out="object.room_reservation_line_ids[0].duration"/>
                    </div>
                    <div>
                        <b>Adults:</b>
                        <span t-out="object.adults"/>
                    </div>
                    <div>
                        <b>Childrens:</b>
                        <span t-out="object.childrens"/>
                    </div>
                    <div>
                        <b>Currency:</b>
                        <span t-out="object.currency_id.name"/>
                    </div>
                    <table class="table table-bordered">
                        <thead class="thead-dark">
                            <t>
                                <th class="text-center">Room Type</th>
                            </t>
                            <t>
                                <th class="text-center">Room</th>
                            </t>
                            <t>
                                <th class="text-center">Rate</th>
                            </t>
                        </thead>
                        <tbody>
                            <t t-foreach="object.room_reservation_line_ids" t-as="o">
                                <tr>
                                    <td class="text-center">
                                        <span t-out="o.room_type_id.name"/>
                                    </td>
                                    <td class="text-center">
                                        <span t-out="o.room_id.name"/>
                                    </td>
                                    <td class="text-center">
                                        <span t-out="o.total_amount"/>
                                    </td>
                                </tr>
                            </t>
                        </tbody>
                    </table>
                    <br/>
                    <strong t-out="object.hotel_policy"/>
                    <br/>
                    <br/>
                    We look forward to welcoming you to
                    <b t-out="object.company_id.name"/>
                    !
                    <br/>
                    <br/>
                    <h6 style="font-weight: lighter;" t-out="object.company_id.name"/>
                    <h6 style="font-weight: lighter;" t-out="object.company_id.street"/>
                    <h6 style="font-weight: lighter; display: inline;" t-out="object.company_id.city"/>
                    <h6 style="font-weight: lighter; display: inline;" t-out="object.company_id.state_id.name"/>
                    <h6 style="font-weight: lighter; display: inline;" t-out="object.company_id.zip"/>
                    <h6 style="font-weight: lighter;" t-out="object.company_id.country_id.name"/>
                    <h6 style="font-weight: lighter;" t-out="object.company_id.social_twitter"/>
                    <h6 style="font-weight: lighter;" t-out="object.company_id.social_github"/>
                    <h6 style="font-weight: lighter;" t-out="object.company_id.social_linkedin"/>
                </div>
            </field>
            <field name="lang">{{ object.partner_id.lang }}</field>
            <field name="auto_delete" eval="True"/>
        </record>
    </data>
</odoo>