<?xml version="1.0" encoding="utf-8"?>
<odoo>
    <data>
        <record id="hotel_room_type_single" model="product.category">
            <field name="name">Single</field>
            <field name="is_room_type">True</field>
            <field name="parent_id" ref="product.product_category_all"/>
            <field name="bed">1</field>
            <field name="capacity">1</field>
            <field name="rate">500</field>
        </record>
        <record id="hotel_room_type_double" model="product.category">
            <field name="name">Double</field>
            <field name="is_room_type">True</field>
            <field name="parent_id" ref="product.product_category_all"/>
            <field name="bed">1</field>
            <field name="capacity">2</field>
            <field name="rate">1000</field>
        </record>
        <record id="hotel_room_type_triple" model="product.category">
            <field name="name">Triple</field>
            <field name="parent_id" ref="product.product_category_all"/>
            <field name="is_room_type">True</field>
            <field name="bed">2</field>
            <field name="capacity">3</field>
            <field name="rate">1500</field>
        </record>
        <record id="hotel_room_type_quad" model="product.category">
            <field name="name">Quad</field>
            <field name="parent_id" ref="product.product_category_all"/>
            <field name="is_room_type">True</field>
            <field name="bed">2</field>
            <field name="capacity">4</field>
            <field name="rate">2000</field>
        </record>
        <record id="hotel_room_type_queen" model="product.category">
            <field name="name">Queen</field>
            <field name="parent_id" ref="product.product_category_all"/>
            <field name="is_room_type">True</field>
            <field name="bed">1</field>
            <field name="capacity">2</field>
            <field name="rate">4000</field>
        </record>
        <record id="hotel_room_type_king" model="product.category">
            <field name="name">King</field>
            <field name="parent_id" ref="product.product_category_all"/>
            <field name="is_room_type">True</field>
            <field name="bed">1</field>
            <field name="capacity">2</field>
            <field name="rate">5000</field>
        </record>
        <record id="hotel_room_type_single_breakfast" model="product.category">
            <field name="name">Single(With BreakFast)</field>
            <field name="is_room_type">True</field>
            <field name="with_breakfast">True</field>
            <field name="parent_id" ref="product.product_category_all"/>
            <field name="bed">1</field>
            <field name="capacity">1</field>
            <field name="rate">500</field>
        </record>
        <record id="hotel_room_type_double_breakfast" model="product.category">
            <field name="name">Double(With BreakFast)</field>
            <field name="is_room_type">True</field>
            <field name="with_breakfast">True</field>
            <field name="parent_id" ref="product.product_category_all"/>
            <field name="bed">1</field>
            <field name="capacity">2</field>
            <field name="rate">1000</field>
        </record>
        <record id="hotel_room_type_triple_breakfast" model="product.category">
            <field name="name">Triple(With BreakFast)</field>
            <field name="parent_id" ref="product.product_category_all"/>
            <field name="is_room_type">True</field>
            <field name="with_breakfast">True</field>
            <field name="capacity">3</field>
            <field name="rate">1500</field>
        </record>
        <record id="hotel_room_type_quad_breakfast" model="product.category">
            <field name="name">Quad(With BreakFast)</field>
            <field name="parent_id" ref="product.product_category_all"/>
            <field name="is_room_type">True</field>
            <field name="with_breakfast">True</field>
            <field name="bed">2</field>
            <field name="capacity">4</field>
            <field name="rate">2000</field>
        </record>
        <record id="hotel_room_type_queen_breakfast" model="product.category">
            <field name="name">Queen(With BreakFast)</field>
            <field name="parent_id" ref="product.product_category_all"/>
            <field name="is_room_type">True</field>
            <field name="with_breakfast">True</field>
            <field name="bed">1</field>
            <field name="capacity">2</field>
            <field name="rate">4000</field>
        </record>
        <record id="hotel_room_type_king_breakfast" model="product.category">
            <field name="name">King(With BreakFast)</field>
            <field name="parent_id" ref="product.product_category_all"/>
            <field name="is_room_type">True</field>
            <field name="with_breakfast">True</field>
            <field name="bed">1</field>
            <field name="capacity">2</field>
            <field name="rate">5000</field>
        </record>
    </data>
</odoo>