<?xml version="1.0" encoding="utf-8"?>
<odoo>
    <data>
        <record id="product_single_101" model="product.product">
            <field name="name">Single-101</field>
            <field name="is_room">True</field>
            <field name="lst_price">500</field>
            <field name="categ_id" ref="hotel_reservation.hotel_room_type_single_breakfast"/>
        </record>
        <record id="product_single_102" model="product.product">
            <field name="name">Single-102</field>
            <field name="is_room">True</field>
            <field name="lst_price">500</field>
            <field name="categ_id" ref="hotel_reservation.hotel_room_type_single"/>
        </record>
        <record id="product_single_103" model="product.product">
            <field name="name">Single-103</field>
            <field name="is_room">True</field>
            <field name="lst_price">500</field>
            <field name="categ_id" ref="hotel_reservation.hotel_room_type_single"/>
        </record>
        <record id="product_double_201" model="product.product">
            <field name="name">Double-201</field>
            <field name="is_room">True</field>
            <field name="lst_price">1000</field>
            <field name="categ_id" ref="hotel_reservation.hotel_room_type_double_breakfast"/>
        </record>
        <record id="product_double_202" model="product.product">
            <field name="name">Double-202</field>
            <field name="is_room">True</field>
            <field name="lst_price">1000</field>
            <field name="categ_id" ref="hotel_reservation.hotel_room_type_double"/>
        </record>
        <record id="product_double_203" model="product.product">
            <field name="name">Double-203</field>
            <field name="is_room">True</field>
            <field name="lst_price">1000</field>
            <field name="categ_id" ref="hotel_reservation.hotel_room_type_double_breakfast"/>
        </record>
        <record id="product_triple_301" model="product.product">
            <field name="name">Triple-301</field>
            <field name="is_room">True</field>
            <field name="lst_price">1500</field>
            <field name="categ_id" ref="hotel_reservation.hotel_room_type_triple_breakfast"/>
        </record>
        <record id="product_triple_302" model="product.product">
            <field name="name">Triple-302</field>
            <field name="is_room">True</field>
            <field name="lst_price">1500</field>
            <field name="categ_id" ref="hotel_reservation.hotel_room_type_triple_breakfast"/>
        </record>
        <record id="product_triple_303" model="product.product">
            <field name="name">Triple-303</field>
            <field name="is_room">True</field>
            <field name="lst_price">1500</field>
            <field name="categ_id" ref="hotel_reservation.hotel_room_type_triple"/>
        </record>
        <record id="product_quad_401" model="product.product">
            <field name="name">Quad-401</field>
            <field name="is_room">True</field>
            <field name="lst_price">2000</field>
            <field name="categ_id" ref="hotel_reservation.hotel_room_type_quad_breakfast"/>
        </record>
        <record id="product_quad_402" model="product.product">
            <field name="name">Quad-402</field>
            <field name="is_room">True</field>
            <field name="lst_price">2000</field>
            <field name="categ_id" ref="hotel_reservation.hotel_room_type_quad_breakfast"/>
        </record>
        <record id="product_quad_403" model="product.product">
            <field name="name">Quad-403</field>
            <field name="is_room">True</field>
            <field name="lst_price">2000</field>
            <field name="categ_id" ref="hotel_reservation.hotel_room_type_quad"/>
        </record>
        <record id="product_queen_501" model="product.product">
            <field name="name">Queen-501</field>
            <field name="is_room">True</field>
            <field name="lst_price">4000</field>
            <field name="categ_id" ref="hotel_reservation.hotel_room_type_queen_breakfast"/>
        </record>
        <record id="product_queen_502" model="product.product">
            <field name="name">Queen-502</field>
            <field name="is_room">True</field>
            <field name="lst_price">4000</field>
            <field name="categ_id" ref="hotel_reservation.hotel_room_type_queen_breakfast"/>
        </record>
        <record id="product_queen_503" model="product.product">
            <field name="name">Queen-503</field>
            <field name="is_room">True</field>
            <field name="lst_price">4000</field>
            <field name="categ_id" ref="hotel_reservation.hotel_room_type_queen"/>
        </record>
        <record id="product_king_601" model="product.product">
            <field name="name">King-601</field>
            <field name="is_room">True</field>
            <field name="lst_price">5000</field>
            <field name="categ_id" ref="hotel_reservation.hotel_room_type_king_breakfast"/>
        </record>
        <record id="product_king_602" model="product.product">
            <field name="name">King-602</field>
            <field name="is_room">True</field>
            <field name="lst_price">5000</field>
            <field name="categ_id" ref="hotel_reservation.hotel_room_type_king"/>
        </record>
        <record id="product_king_603" model="product.product">
            <field name="name">King-603</field>
            <field name="is_room">True</field>
            <field name="lst_price">5000</field>
            <field name="categ_id" ref="hotel_reservation.hotel_room_type_king_breakfast"/>
        </record>
    </data>
</odoo>
